0.6013449730269065, 0.38316987042358697, 0.6478721468371149, 1.321157540063872
0.9294042063188588, 0.09431135069887775, 0.318307156867919, 1.729123957167554
0.743580562097203, 0.09705206121863463, 0.4133043385880131, 1.2679609080436622
0.8684660789377854, 0.021489933242433645, 0.37654123316756083, 1.4033707911928772
0.7826865902368734, 0.5227313387168647, 0.9369566016466183, 1.6738792562608582
0.08018982284065401, 0.7714209042631814, 0.0065142464346295, 1.6967072077730414
0.0024420438205742245, 0.8624916355240296, 0.7252946625588969, 1.0045726961303107
0.11633325612885304, 0.8340454065513301, 0.6039872003176564, 1.29677012504271
0.9105445061816153, 0.9107792501967754, 0.8260593857183729, 2.8165881270384086
0.9424476174992176, 0.40399972810072593, 0.25586985642691296, 2.437024834772974
0.14028580582626549, 0.05879097445991455, 0.012421940994676861, 0.3857316195776832
0.5295913917264301, 0.5150090258452836, 0.17949169904280615, 1.909709136100621
0.5739777264818269, 0.21213791668540183, 0.5425959788815636, 1.0296353074528937
0.6636971587499263, 0.35868578940624485, 0.31443843171200914, 1.7303274646003333
0.3057884877987369, 0.29690439253917233, 0.2984106133767872, 0.9069751472990313
0.4300625623731329, 0.2674573269183961, 0.7687769161722032, 0.6262628624108547
0.9797985509235739, 0.4118428358890024, 0.6864149271078314, 2.096867846517321
0.2600112092236093, 0.7927966225025288, 0.7616637491897974, 1.3439519142624792
0.9017913514993834, 0.9497869105149969, 0.0972972153997892, 3.6058593086289714
0.4195383473604708, 0.32735515093998013, 0.6867612400548441, 0.8070257565460578
0.6542165134437754, 0.037059352989179506, 0.4457975271114607, 0.9367542057544491
0.9811343285772062, 0.931707451497737, 0.3499632559461282, 3.475720304203758
0.39045310914401465, 0.07106353535708965, 0.35667629420178604, 0.5663569948004226
0.09111622272532516, 0.1990491353163929, 0.48747579234095384, 0.09285492374248228
0.5606819923520199, 0.44611176882570747, 0.5460992994326647, 1.46748822292279
0.8070820326115552, 0.6102733154044726, 0.19390398648630625, 2.6408067095457493
0.9082177071841947, 0.735299380576661, 0.911983099125559, 2.375051076396152
0.6913773862160104, 0.6808321186277374, 0.6334435003534493, 2.1109755093340468
0.9292683982856373, 0.4625700287707276, 0.9118956286171915, 1.8717812254955382
0.15962660866016132, 0.15093475938665424, 0.8991342339384071, -0.27801149784477597
0.8970668735193281, 0.32150362511016506, 0.42685221574115384, 2.0102887815178327
0.047208934977658545, 0.6674331119803735, 0.14198162230619893, 1.287302471609865
0.33107194697859355, 0.8470103979487931, 0.9128548739554271, 1.443309815899346
0.5179364064086541, 0.07190109152415924, 0.28404962985708837, 0.8956253660085384
0.11077808761184837, 0.3253925533191253, 0.2703818729515658, 0.6019594089103816
0.2982406962652536, 0.5290199704653326, 0.6235537480128956, 1.0309675854482767
0.4814768618252181, 0.6001011664786787, 0.9601147740397391, 1.2030412825680548
0.5544354657767102, 0.6835629852518672, 0.8162853331817994, 1.6597115688753552
0.42348364432874996, 0.7230988734741085, 0.15373396697302, 2.139431068632697
0.9745266702203855, 0.8270323482898626, 0.44488919494006807, 3.1582288420804283
0.9646722159036538, 0.1250113564588895, 0.9866635111327379, 1.1927036335923487
0.21266948607204383, 0.3613216176644706, 0.1164653307377076, 1.031516876735321
0.19598250721145138, 0.14704787575553846, 0.7449551013886716, -0.058894335454691915
0.015407019881878536, 0.2694194982091016, 0.4001747320950454, 0.1694783040869149
0.313411113667156, 0.32761712894591166, 0.744306524148609, 0.5377499610775264
0.34218426672373303, 0.23153846613256235, 0.7860943858910002, 0.36135107982159054
0.6878236477530046, 0.5846764531932446, 0.9646760232367201, 1.5803241786557782
0.47651560291919604, 0.2015584112079447, 0.03170255020513002, 1.3244454780491515
0.41871892113755615, 0.1544241269900396, 0.04321572400433116, 1.1030703722508604
0.17231490753328726, 0.35820168430583066, 0.6236109728621528, 0.437422210816083
0.07848728948378181, 0.19728529495555036, 0.1755455915642341, 0.37599957731443023
0.37527035524672114, 0.9428990371828893, 0.29655458275515756, 2.339784202104063
0.9827848416258579, 0.34326145059062585, 0.05738091675727808, 2.594711667675689
0.11963426373271446, 0.3262169940788743, 0.5478381276211812, 0.34386438800199626
0.03624281574347121, 0.8730936462089012, 0.8519636101411818, 0.966709313763563
0.6802337350490479, 0.6129736147611072, 0.17640695625016412, 2.4100077433701466
0.3954186796758665, 0.2421677876585191, 0.9389375313168745, 0.3362354033518967
0.4324115000002584, 0.9639088803007096, 0.6505665609432686, 2.1420741996586674
0.9788058037082032, 0.5743337084655628, 0.8918310725359894, 2.2144479518115423
0.754064602567618, 0.12089238405476, 0.8571649812874585, 0.8927489919572974
0.9370167798859641, 0.8355126549257645, 0.7591198876477396, 2.7859389819757174
0.7641589278725791, 0.6197670026980344, 0.7724809634403259, 1.995370897700901
0.13740906762183847, 0.6612699327258905, 0.11912719872827482, 1.4782308019671833
0.6369644294448519, 0.09712962312088813, 0.4170334807578311, 1.051154624373649
0.15692154291126892, 0.2820674865759999, 0.1736138277866518, 0.7043642311878858
0.5373513947608903, 0.5778875698084622, 0.2634823027547457, 1.9669956263839594
0.23961555128954248, 0.07482005964757743, 0.7001606634368667, -0.07128944156262684
0.24243215700797027, 0.46259524403046637, 0.5110720989072076, 0.8989827031696657
0.9084179522585489, 0.43235915001531044, 0.15558991345309026, 2.5259642910946285
0.4012520535499914, 0.6696052468289022, 0.8434285863727672, 1.29828601438502
0.27967766551246553, 0.1325717165924929, 0.7591596742399046, 0.06533908997001225
0.7628665045699609, 0.29374660915675, 0.8098166379709615, 1.30340958948246
0.8185178389905715, 0.7604605604208582, 0.15941383535654807, 2.998542963466311
0.7451795967433444, 0.1694472279262138, 0.980749265230043, 0.8485043841090735
0.9613611907375685, 0.8480128928574429, 0.39063099706129445, 3.228117170128728
0.7171010046088748, 0.05621192745991099, 0.10910900117882572, 1.4375168629587458
0.42062422505128383, 0.07194576795442797, 0.5720876761868989, 0.4130523098245247
0.4016451864306456, 0.15682684606705277, 0.3583255222647531, 0.7586185427306437
0.30703745849835284, 0.3879273650186911, 0.2181975698765546, 1.1717320771575332
0.9623958910275232, 0.19771699579061341, 0.5452125608985903, 1.7750132127376828
0.3178067955402032, 0.2645848731319833, 0.7626064628859113, 0.40217687445846173
0.5940824385805336, 0.8897534970060973, 0.24746288758927137, 2.72020898358399
0.12001399941783164, 0.015928786348241464, 0.6298870831764903, -0.35800151164434413
0.38376169336239563, 0.5913609762706222, 0.2498541306287002, 1.7003912086373356
0.47418637768969396, 0.2818857265141904, 0.24555827782971307, 1.2665859305780556
0.5875444426086213, 0.44632485206843464, 0.47481092905461864, 1.5929276602994928
0.6725674356598895, 0.45692598492172165, 0.5293582719052521, 1.7296285692579703
0.11428771914877056, 0.12506682460199503, 0.9178313195362269, -0.4391222320346957
0.827944381365127, 0.14509075471644217, 0.02695842608988197, 1.9191118460732564
0.7305048171188134, 0.8874778154030143, 0.9988658797417209, 2.237099385301935
0.8650053723366912, 0.07319824398688868, 0.3471980376112913, 1.5292091950358684
0.5771960861265278, 0.7027222712175141, 0.26035048232666735, 2.2994862323614162
0.05680763196302918, 0.41006743687001745, 0.9934743755528188, -0.05972423788672554
0.9402295416469015, 0.7083017813231436, 0.5003159800835587, 2.7967466658565314
0.1276875298262956, 0.7755149029276794, 0.8130627437956787, 0.9933421217122714
0.12595393041871394, 0.01582687409125283, 0.5708098923684197, -0.2872482833484862
0.6412830649319721, 0.7241727972528734, 0.058935888939815495, 2.6719758354298757
0.662829021134381, 0.9615971449006416, 0.3747524184463512, 2.874099913623694
0.13079863163644356, 0.4607758201096702, 0.7928540643620683, 0.3902948391301593
0.7083804990030906, 0.12416650886686176, 0.6090407339555626, 1.0560532817843422
0.9034082487887832, 0.7344293054684913, 0.7905152566351182, 2.485159851879431
0.8797214721029485, 0.041745799123357075, 0.6817091890994934, 1.1612253533531178
0.015706105597584452, 0.3268008141061334, 0.16422499573123395, 0.5207888436762017
0.38587888493921774, 0.48832507148955673, 0.2851141243277855, 1.4632937885297634
0.40922629916720066, 0.47799302137840216, 0.9012586250733368, 0.8731800160178689
0.7261660949729147, 0.24129427080272903, 0.4813455770320849, 1.4535751545192026
0.5102966389760736, 0.3030369717636989, 0.9310426829798778, 0.6956245384996672
0.21414440491674314, 0.611722177068504, 0.16323156510073056, 1.4885015988697636
0.20842055444776364, 0.7473124328548258, 0.44793493494872083, 1.4635310396564583
0.9361472439540152, 0.48108126051538946, 0.6093774848537055, 2.225079524085104
0.12138802787466207, 0.783857150444569, 0.5740237146451924, 1.2364666419932697
0.38610654492104335, 0.9639684745235791, 0.9917774376939255, 1.7083726011953195
0.7132980229562038, 0.5549022176792013, 0.6639023445220988, 1.8724981367487115
0.258914276912519, 0.17158085464954087, 0.7649178613653879, 0.09607240175873188
0.4162579843180284, 0.017344651632584807, 0.4402767875651913, 0.42692848433603514
0.8931170168060888, 0.35437783132005773, 0.7338236853427229, 1.7611660109095701
0.8811278092867357, 0.4065943865313506, 0.9546752541887534, 1.620769137447419
0.2774961022611031, 0.6132342078835785, 0.16352528450578496, 1.6179353357835784
0.41962562330080255, 0.12744021187204035, 0.19133905177113752, 0.9027926185745483
0.35696236527760306, 0.19447127854250745, 0.5600839233696495, 0.5427833642705715
0.7984396214402112, 0.20548376110150346, 0.7062182123121122, 1.3016285527713172
0.053940346146890694, 0.36557667580608966, 0.2978044355565933, 0.5412296083493674
0.9684745936849551, 0.8916162062959999, 0.2730799360464692, 3.447101663915441
0.7849349076109724, 0.3034083450198528, 0.8189584452169241, 1.3577280600447263
0.13743482134455898, 0.191959775338588, 0.5551246244563054, 0.10366456890998854
0.5849706814965787, 0.20036774581146988, 0.7385241362233436, 0.8321527183927536
0.7405285367289197, 0.22736462180814498, 0.056257306319765554, 1.8795290107543638
0.004919371810708895, 0.21959131150600641, 0.9233454472869359, -0.4743240806535053
0.4804815545176545, 0.7637277799153929, 0.1087781422289189, 2.379640526637176
0.7552200470987748, 0.7060517276923727, 0.7764222642016784, 2.1461212853806164
0.7601531964375864, 0.6581160555973514, 0.17282946036601998, 2.6637090437038555
0.4906144549893152, 0.23864117768151993, 0.8641550729691772, 0.5943561923724932
0.44595792211460183, 0.9541571096436529, 0.9073391049551028, 1.8928909585614067
0.4920108800090519, 0.4642972012869082, 0.8584792004142617, 1.0541369621776586
0.5767466599361288, 0.3723662361532377, 0.44552015615981144, 1.4527056360189217
0.0906236834659887, 0.829573202410278, 0.20669295462500448, 1.633700817127529
0.753964360831618, 0.3552267365471795, 0.9262171619336207, 1.2921650328239744
0.3986607914591467, 0.3954000428731337, 0.7469744029196153, 0.8411472657449455
0.7895837735840762, 0.3990926698752426, 0.7205193385542749, 1.6568335483643626
0.9622727934843823, 0.9731498483777112, 0.39968746228340335, 3.471157821440784
0.27883246685188845, 0.4749435560886506, 0.6192289629265758, 0.8883230829545022
0.4234674954663983, 0.3912120064801028, 0.6423018305971283, 0.9870571732958738
0.5603053018832077, 0.11250718759567369, 0.016383587592682436, 1.3292413913650805
0.27571220929306517, 0.8649010580006204, 0.33237711512005874, 1.9488494194673123
0.9244476592312424, 0.08135689258150369, 0.08687780835476322, 1.924731295270729
0.9971996200110101, 0.04455920742505648, 0.9667243977961578, 1.116793257075975
0.3631882768535637, 0.584153854498934, 0.7291928662931871, 1.165491396411808
0.28468174113976485, 0.5279503921952768, 0.8957282471239109, 0.7295360195461725
0.6606909573986498, 0.30521612466353254, 0.07876415728033981, 1.853050006844025
0.29133902311087256, 0.14535993398000857, 0.7673394692944363, 0.10605844488732596
0.8961510514085065, 0.3180629091564864, 0.7545584040378747, 1.6738695170921112
0.8926446150150701, 0.17450831910632958, 0.4014884795931204, 1.732817388649679
0.6998222294496182, 0.9379285269137987, 0.38024064113514144, 2.895260871591692
0.7379939224514704, 0.596387067095926, 0.11155585762539733, 2.5572061214693953
0.3625576629021797, 0.15780555175032773, 0.724725769952598, 0.31600065935241695
0.5939586291886018, 0.15374816429828642, 0.6041390403791169, 0.8912745465946594
0.28771792131793006, 0.5082949268232136, 0.11328708162138823, 1.4787386146608992
0.5280288905107268, 0.7029972284015817, 0.9805983895623093, 1.4814538482623076
0.9450063910732778, 0.9317341216157017, 0.9294389524671341, 2.824042072910825
0.7045428404780998, 0.858418457401773, 0.05632483255868048, 3.069597763201065
0.9130817658905739, 0.657551851623106, 0.04301500751147913, 3.098252227515881
0.2182998808228528, 0.5678002533271981, 0.6777870490787447, 0.8944132192213571
0.08439665493168214, 0.12510549523760972, 0.3570346889171637, 0.06196961142141999
0.7116272318676444, 0.23417181606263993, 0.48954565720485566, 1.402052438655713
0.23996023384890508, 0.22538122459934617, 0.5495982115689884, 0.38108470532751415
0.07878066842304532, 0.4297704020060661, 0.7935283838482075, 0.22357375701001536
0.4397435202191837, 0.4377206183903688, 0.1546672043438878, 1.6002610728752171
0.9528534720791781, 0.7476077947737629, 0.024065114695582368, 3.3768574190102996
0.7918726032076807, 0.04848288375252252, 0.8095896347064343, 0.8711213392139722
0.4376073237402388, 0.06661170542031003, 0.9755575119843539, 0.032880546336743754
0.9185965542926703, 0.7613378001032401, 0.9967376087934295, 2.3631310999983914
0.30720280058085514, 0.8796867760845961, 0.46487860511043644, 1.908900548220466
0.8458176105446293, 0.934421118707657, 0.27280246078723125, 3.2876749977173416
0.5269275211965262, 0.7800477568641176, 0.3345906927634067, 2.279359863357881
0.3643889972113453, 0.2699480285714584, 0.7825174149188577, 0.4861566366467497
0.5456917991083737, 0.5593479453760855, 0.3450899242554868, 1.8649895647134314
0.5831765366497744, 0.3758664324518116, 0.3761923136135549, 1.5418936245896173
0.28447781828106966, 0.6764079324189191, 0.9568729744541052, 0.9648985269458722
0.4377157321250499, 0.5454571337951718, 0.5804329769438313, 1.3859127548966121
0.3291388848584065, 0.3691131663012809, 0.6870156205507951, 0.7094884817685796
0.6928256070967437, 0.4755627030467122, 0.9623550761613502, 1.3744215441255618
0.8785768364881955, 0.8218021839017112, 0.4304162449459875, 2.970341795833826
0.7631280813838065, 0.24873889261486082, 0.07313157509004964, 1.9506023729072852
0.6414964100351926, 0.23417296441411617, 0.4574710981215442, 1.2938676507770734
0.18471899600641528, 0.13034726729686352, 0.1866286449817749, 0.4435038816247827
0.19211963361052886, 0.8249409117907173, 0.1614775379168596, 1.872643552885633
0.8166455896321151, 0.5085355401517168, 0.2874163334658869, 2.362945926101777
0.9182885219149315, 0.015025105352245216, 0.7861898540802811, 1.0804374004540724
0.2802852389761482, 0.6571328521251415, 0.13072144930157092, 1.7441147329010085
0.6606357262915589, 0.3010012271321074, 0.7592920088196472, 1.1639818980276853
0.28473819623805907, 0.7378539858023055, 0.2060893488902411, 1.839095015190488
0.7773685718532869, 0.2762590511839246, 0.23746335352574655, 1.8697918925486765
0.6541428325507266, 0.381555886917201, 0.025828617419733746, 2.045568821516121
0.04351808552783676, 0.29799261156796264, 0.6918593387384006, -0.008837944546801757
0.7705807908379001, 0.6169477219960233, 0.2648511611820279, 2.510205864485819
0.5549827646127455, 0.5924811834674321, 0.2898044445270581, 2.005123451633297
0.15111056526204414, 0.5065930902037655, 0.4513591386678979, 0.8640481722637214
0.6661612605771596, 0.31653669756727865, 0.6480124899750213, 1.3173834263138553
0.6007979165361156, 0.7500465539096864, 0.6399790725487329, 2.061709868342871
0.7574039371008099, 0.5448164819067833, 0.6140833899946626, 1.9903574480205237
0.8191233753718604, 0.0195026361763182, 0.5756507339120943, 1.1016012891842628
0.7219074232417438, 0.9251826882283889, 0.3750956139176638, 2.9190846090226015
0.7755932283932828, 0.13669263588419023, 0.9698640352990268, 0.8547076932559193
0.17170055321268207, 0.37271188755514484, 0.9324443966229434, 0.1563804849127104
0.8703755689253255, 0.4767284698537344, 0.31713359246738493, 2.3770744850907346
0.045889425578920284, 0.39277061800594637, 0.00806230995053192, 0.8692577772192014
0.3424783725636791, 0.5797594653882888, 0.03539780682208782, 1.809077869081848
0.7181625797805735, 0.941808776160403, 0.2114865441434779, 3.108456167738475
0.13126921707091488, 0.8039747980619482, 0.36740742945636895, 1.5030806008093571
0.014130554090090897, 0.6774592203971461, 0.3363267832823065, 1.0468527656921676
0.16392407460460257, 0.541513566274311, 0.4307196637192686, 0.9801556180385586
0.6316358795459289, 0.47234350612269427, 0.5162787654941556, 1.6916800058430905
0.8224135481707391, 0.25610682488620407, 0.8559203411566152, 1.3011204049572713
0.8284710823449436, 0.03650602877747722, 0.17795595834859002, 1.5519982638962517
0.3989775389676077, 0.6492997917415527, 0.7345554231218652, 1.3619992382964556
0.12642312496760788, 0.6603964659154049, 0.47173709234874084, 1.1019020894172846
0.46482497821232205, 0.9403445985164177, 0.7027342419524683, 2.1076049115050113
0.8191020016556859, 0.71207823973286, 0.6744060035813227, 2.3879544791957694
0.9802057753291523, 0.2940859313920411, 0.11296488191112297, 2.4356185315312637
0.7777404915888989, 0.6205332961778892, 0.24828588594481127, 2.548261689588765
0.9945646725377966, 0.5746310498598897, 0.12798866166834588, 3.0104027831270264
0.9268059167467441, 0.3906053979470493, 0.6499610926504888, 1.9848615367370979
0.9668335640322748, 0.8134207505179323, 0.07930861866625227, 3.481200010434162
0.5949916199971125, 0.7140328593310518, 0.6146633869857646, 2.003385571670564
0.7134196174259575, 0.5396685863478814, 0.2539431262298347, 2.252233281317843
0.5421457382387873, 0.0882856918760796, 0.8105899125921698, 0.450272947637564
0.3973316423448009, 0.5012190796763335, 0.2693571596753649, 1.527744284366904
0.009040114442271263, 0.10271573493875397, 0.3535442347219504, -0.13003253595989994
0.0014080977516545135, 0.30466846406295, 0.7878809413034825, -0.17572781767427348
0.8966873894195864, 0.29709110208547385, 0.11203719804305523, 2.275519784967065
0.9747102744349181, 0.8520840712159601, 0.15068590546600125, 3.5029027858357553
0.054542250885703636, 0.8734295642171767, 0.997141461286293, 0.8588021689194676
0.09138016305996177, 0.16266598974836854, 0.33951168501129037, 0.16858062060537027
0.4036208167388432, 0.6500742899112204, 0.7212961990034695, 1.386094014296658
0.682995181546941, 0.6352550637877763, 0.2658051714858549, 2.3706953191835796
0.36314994994065253, 0.5615221730817085, 0.6096119309266979, 1.2397323151180242
0.6328040953859316, 0.9625147214728886, 0.8905623833049418, 2.300075250412699
0.8114802432299343, 0.7114985585581042, 0.3681506993443211, 2.6778069042317556
0.04723721164432659, 0.2535425891240335, 0.08698989882119212, 0.514569702715528
0.48929219486784814, 0.7538928673977655, 0.84525280128724, 1.641117323243987
0.4959824341883806, 0.1308197827875427, 0.9935659273289404, 0.2600385066229062
0.6821594973494776, 0.5936503454025898, 0.38161000129442246, 2.1700096842097123
0.3785447562011778, 0.8924731828536329, 0.6533412668124028, 1.8886946112972185
0.9836052215995443, 0.5593310990986778, 0.727781416612283, 2.3580912247841614
0.5878128844607539, 0.29970753321131993, 0.27591764671689, 1.4991231886272576
0.9216072554868353, 0.8887666246157907, 0.6248809855912679, 2.9958667746139844
0.32304616676854125, 0.5974764009753298, 0.5675699860502623, 1.2734751494374799
0.5784335769837774, 0.9111436216709888, 0.4277286303335771, 2.5514257669759552
0.23146019426203968, 0.2509809278753291, 0.43326469177496885, 0.5316175524997687
0.17451443395770827, 0.21354449377760465, 0.27056880225574576, 0.5055490532148801
0.14569345880677242, 0.26697382718447615, 0.14563244112771423, 0.6797021308547829
0.292804696262411, 0.6424603630580413, 0.0817036640751132, 1.7888264545657915
0.02860472800358227, 0.7193221423192667, 0.7371239518357023, 0.7587297888099956
0.04048393752638413, 0.05966964523857454, 0.7397781478979546, -0.5394709823680373
0.2675312310079654, 0.19446059845464136, 0.7050122650043391, 0.2189713939208744
0.7811439521337343, 0.17192628254174802, 0.7622771292972381, 1.1438633400537266
0.45585534209582756, 0.2747245599116076, 0.3388135823986984, 1.122346221616172
0.41733252737535265, 0.3256099402357645, 0.7553434865772015, 0.7305414486450328
0.6809380077680107, 0.47263989360670444, 0.054642505142485476, 2.252513297606945
0.9651876845493707, 0.21513785623949122, 0.3446813353444732, 2.015969746233251
0.8806680065027811, 0.4118058042425089, 0.015304581544832496, 2.5696430399457473
0.2229616710967559, 0.1649907619806268, 0.8829066954035273, -0.10700182924876189
0.18254565723281369, 0.6747164890567906, 0.28473258465388707, 1.4297917079253215
0.18874783133448014, 0.29589259416826585, 0.37221914644120846, 0.5970617045642835
0.6784427758965546, 0.03952785851460494, 0.8653877415819893, 0.5705535272403297
0.20317159197889878, 0.6945961022325446, 0.3278506433180831, 1.4676847451048038
0.1743874755024134, 0.2640533980040516, 0.13045122636057938, 0.7464305206523506
0.563872855554653, 0.579839502721262, 0.1935235376447504, 2.0939011789070796
0.7351124687781022, 0.1071550207405445, 0.7480821520301434, 0.93645282700715
0.5849317692849133, 0.5436849060950446, 0.7198844761991225, 1.537348874560793
0.5547696790141607, 0.8684601835716343, 0.7892155926787731, 2.057244132492817
0.22254919082263802, 0.012061195890117449, 0.12887461418946877, 0.34034615923604217
0.43427437552968984, 0.3949075278730886, 0.03328111541098133, 1.6250826913945755
0.9150307423333767, 0.6033711765645924, 0.828230879014628, 2.2085729587813105
0.6997393186560265, 0.6097542355306211, 0.7788037863826651, 1.8401833219906298
0.8393124895640126, 0.6790313434805302, 0.8966485952362867, 2.140039070852799
0.8971162003942426, 0.06355747826501523, 0.05648051934537335, 1.8648668379731421
0.2718695228736091, 0.014830100264121016, 0.8819650781254739, -0.3085658318500136
0.4435474317254301, 0.4268450665797786, 0.26564591386151437, 1.475139082748903
0.3392625065543956, 0.5254393812412201, 0.8409635885728208, 0.8884401870184107
0.8362082079208251, 0.7364699599656762, 0.41954335157495604, 2.725812984198047
0.03340009616974304, 0.5768084293375126, 0.22916184707404308, 0.9912552039404683
0.3144597031063028, 0.716879541882142, 0.7531197933942354, 1.3095586965826538
0.45748853338000506, 0.6033192140672409, 0.923616856467521, 1.197998638426971
0.9532245337825596, 0.4554023666959913, 0.7367159124740416, 2.08053788848306
0.4339055542517051, 0.951601253470708, 0.07199730824392325, 2.699016307200903
0.7382727604537488, 0.8263729989596463, 0.6367880528434087, 2.492503465983382
0.4679678770931709, 0.9167726052381415, 0.21536165551431063, 2.5541193091483145
0.7611616114644099, 0.8302959937340735, 0.6679742421018235, 2.5149409682951434
0.9762687195106488, 0.3784734862219409, 0.59413924110163, 2.115345170363549
0.9504680919094641, 0.1261134135365488, 0.8764755545551841, 1.276687456336842
0.33041498355811894, 0.3891958303589692, 0.443402321273508, 0.9958193065606683
0.8138126244319186, 0.1861721154527518, 0.480534762068182, 1.519434717701159
0.1911964057770853, 0.7313582296793387, 0.6669700836035456, 1.1781391873093026
0.14455697459736272, 0.9433130354132889, 0.41673294849442866, 1.7590070715268744
0.27859806728925873, 0.25846515440344664, 0.49449111675041224, 0.5796353266349985
0.5340498852159898, 0.7721258791497149, 0.10399424364530352, 2.5083572850861056
0.8079826319211028, 0.8344148305517795, 0.07493155517073624, 3.209863369775028
0.11055270480584267, 0.3178742275472215, 0.898521610735723, -0.041667746029594666
0.054802036910018725, 0.8306134374112415, 0.3327478566827219, 1.4380830919597987
0.07376591568066626, 0.9680797362496706, 0.9217515929578195, 1.161939710902854
0.7190713231287961, 0.28674459446108524, 0.6717605099294837, 1.339871325250279
0.9517198468029907, 0.3303741487099653, 0.149113915095198, 2.415074075930714
0.8492913045180082, 0.31154195175515953, 0.40143653573957394, 1.9202299768067617
0.7295449937306753, 0.5845798557624394, 0.9055533173945729, 1.7226963815916563
0.8441023711068311, 0.353555602335756, 0.42860360686016163, 1.9667123400250124
0.721125750601695, 0.2482194290757691, 0.9676522137687155, 0.9710381455862128
0.9052818459047197, 0.3176431239066755, 0.6246371135009103, 1.8212128261218798
0.6591033786231996, 0.5752119737747775, 0.15896117577752533, 2.3096695290184286
0.08762429643639891, 0.24997208631444368, 0.5540054701789144, 0.12118729532277073
0.9455079759660349, 0.30049003857345613, 0.5600698459668605, 1.9319261831121217
0.35548218955157473, 0.23303904596232206, 0.7220457828696414, 0.4549966881581522
0.12982283347881096, 0.8359806166077299, 0.7009723176638198, 1.230634582509262
0.05782140511291112, 0.3851706243744043, 0.9650797566750147, -0.07909569770038383
0.15813993662777848, 0.5464729018202796, 0.2706842647823755, 1.1385414121137407
0.9942800088353267, 0.3127276294972662, 0.6326944733998409, 1.981320803265345
0.6919808982022307, 0.7473018749467942, 0.6820725600521008, 2.196492986245949
0.4773385248201679, 0.20642340821542637, 0.6796068622326785, 0.6879170038385101
0.4815064181859334, 0.4236170458146121, 0.4677775532313312, 1.34246937476976
0.07457454172281375, 0.6726361689505975, 0.07815763749781479, 1.4162637838490078
0.4064970692866716, 0.7166102881978605, 0.5323933179371367, 1.7138213970319278
0.22559254081884272, 0.406512466043204, 0.021115220570325666, 1.2430947931537677
0.6229402698232753, 0.8478009416624525, 0.7191339878900229, 2.222348435081433
0.4932423859168663, 0.2537447718211222, 0.9040213274169938, 0.5899529880589832
0.456018918481944, 0.07532129364016782, 0.44237269535861357, 0.62030772888561
0.11646545660251129, 0.6878805211732709, 0.8231577025169987, 0.7855342530345657
0.7182637874542273, 0.3153588870186931, 0.6320607223080783, 1.4351846266377626
0.08952885084395501, 0.8748222044452784, 0.12174634452905153, 1.8069557660494153
0.036902968024022265, 0.47180094402014305, 0.32524483020981276, 0.6921629938785179
0.05142712404542382, 0.6345322693837488, 0.9714500619689302, 0.4004687248894151
0.8604451440266717, 0.9122710977466291, 0.5605595162006309, 2.9848729673459706
0.5785095577173899, 0.5395095369047818, 0.2795189200483129, 1.9565192691960305
0.8869343182160668, 0.36333575006556573, 0.8898711072110052, 1.6106690293522599
0.7865652143905009, 0.4010382125789532, 0.8038923448838134, 1.571314509055095
0.40029909393128493, 0.6101129087260272, 0.18670260009774065, 1.8341214052168837
0.6722395529780267, 0.9777218609077647, 0.33266825341877515, 2.9672545743528076
0.03636011747972301, 0.739669952337398, 0.018765433306217272, 1.5332947063280247
0.8305445787130045, 0.09400505443837615, 0.520194209740103, 1.3289050565626583
0.3992594530056538, 0.6916005119411842, 0.33411613758329894, 1.8476037923103772
0.9568977411359644, 0.25370160793268115, 0.9868082090440262, 1.4343904890932648
0.9042951858080094, 0.8141984779723782, 0.0916264126370333, 3.345360914923742
0.5782220987271545, 0.510759403930487, 0.29306817096585025, 1.8848948343494327
0.06324800316983259, 0.6002893214079507, 0.8978375463125782, 0.4292371028429883
0.6094398203771662, 0.003806601415839328, 0.7899701064639687, 0.43652273712204226
0.6403904935071656, 0.6780733897155135, 0.9798464091333305, 1.6570813573120273
0.907605380731311, 0.04428140248377388, 0.21756913692008406, 1.6862044295100858
0.7180376038784654, 0.5502645856282941, 0.6887546627284515, 1.8478497162850673
0.09203155111715611, 0.9226372670495651, 0.05098995401561934, 1.978347682317823
0.33365649373732675, 0.5750008774712136, 0.1926810018241577, 1.6246337405929232
0.284396364382384, 0.7611323561533404, 0.8248408269153175, 1.2662166141561313
0.27346794005380937, 0.9284068890082389, 0.3482449241447987, 2.055504733979298
0.13086407898247732, 0.7303311280173119, 0.6655971376743492, 1.0567932763252292
0.5438972455112605, 0.22603860588713376, 0.24930486733945134, 1.2905668354573372
0.5787171418360099, 0.18382790111769498, 0.2744473034108278, 1.2506427824965818
0.26104586937457963, 0.7117071343605217, 0.15559573377070535, 1.7899102736994972
0.0884084087416952, 0.5373368407580699, 0.8161423807272883, 0.43534811827224185
0.6680180111536267, 0.5022911581161874, 0.5948084340464426, 1.7458099044931858
0.40358100207743364, 0.8116671759505492, 0.1999853681439303, 2.2305109879120355
0.24497525629062222, 0.4334283934747205, 0.460470934397721, 0.8963363651329644
0.3870113419699073, 0.9136050869529259, 0.5386915555265541, 2.062541302319112
0.7721223618461244, 0.39397915962041385, 0.8835678612641282, 1.4486351816689482
0.4016945372853725, 0.9231293650653841, 0.19499505631415326, 2.45465274838736
0.7615258315183387, 0.6458573646159643, 0.9842288352918663, 1.83053755697674
0.1701656556976735, 0.9237553878115594, 0.34078897423173315, 1.847053112786733
0.7129431824206931, 0.7567065831109243, 0.7217731252953197, 2.217526405767915
0.06340456564206076, 0.23926427915306425, 0.6111530752455351, -0.005815385655285055
0.3939851765571414, 0.48794515684094586, 0.2804512348651751, 1.4834094319309994
0.859800647132617, 0.8520498420642602, 0.9517612618915877, 2.4719397165021664
0.7721868655826526, 0.06911917885325602, 0.1614649027317756, 1.5211471861400416
0.6469852636880867, 0.8459336944443749, 0.43163663829123733, 2.5542012779736862
0.790036171820815, 0.3367646023876606, 0.3307517103206158, 1.9228498380963353
0.8525974186021559, 0.10742293146594306, 0.3363272579097879, 1.58371344222641
0.0106971152270251, 0.8843835449980001, 0.30805918635866514, 1.4821021340913854
0.8937445587465418, 0.9276384270349446, 0.4276995880459471, 3.215066383517026
0.2188219267421826, 0.29109124438979983, 0.33370984149764227, 0.6861165007663226
0.24373160641514602, 0.4380483159385353, 0.8893572740823069, 0.4742025706250558
0.9584674685257505, 0.07426869021085514, 0.1743650290894586, 1.8911072883837523
0.37227026810887054, 0.947699893873808, 0.6728665351732523, 1.9670737887921046
0.0130221736293058, 0.246185553881469, 0.20491990071244448, 0.31349555430910514
0.6039210814821818, 0.07840424836219695, 0.3561009498442944, 1.0085497098444631
0.36393259005823553, 0.8773090652787773, 0.4812100982663078, 2.0012732124077175
0.7591276089352575, 0.588088494831524, 0.20657568700678342, 2.4878565205267797
0.510700016652326, 0.2151552199854997, 0.2041431948283089, 1.2475672784473426
0.6158169376450818, 0.5781114541343682, 0.8996300855766829, 1.488226697982217
0.9037462928075384, 0.018370741339226893, 0.4611695658390037, 1.383064502454527
0.030536489991993987, 0.23498649028648444, 0.8517849283711416, -0.32073896781418476
0.9623117877098666, 0.8994090410403874, 0.6632620524046412, 3.060179605095867
0.06925812597137448, 0.7600994624649249, 0.6944224151186867, 0.964292761753912
0.5018813442230204, 0.006502763880439466, 0.35730707586409205, 0.6594611403428278
0.8067567469882535, 0.016948474124176882, 0.44541255591233264, 1.2019978863125282
0.46834570935334396, 0.9410606803854947, 0.28080874641807574, 2.5380040330596016
0.9898177180466057, 0.9566374653255643, 0.7537392215429615, 3.139171145201378
0.779920596852236, 0.1212170611741954, 0.2930640696771415, 1.5092112463757212
0.9563371442089424, 0.001269829387118615, 0.328532835250277, 1.5866811119418451
0.8248917709696296, 0.44292138673978976, 0.3582406911948367, 2.177385624224002
0.5055440374518059, 0.32779425209268664, 0.5797305165326323, 1.0869460625563527
0.5753770498434558, 0.9753929240979694, 0.9193157799885865, 2.1822241678942635
0.4902303242827082, 0.8765338296139534, 0.24361988361137865, 2.4899084241819445
0.21446112171481635, 0.9806044927023626, 0.721221472039392, 1.668909756794966
0.29838325096191565, 0.28056460183109266, 0.8888006590259457, 0.2690950465600709
0.16162420777943443, 0.4342574828103032, 0.09247903788220013, 1.099284343297275
0.39236079645659605, 0.43287202215408793, 0.9197626734329123, 0.7307029637884557
0.6754819980106268, 0.18812248044844693, 0.7854634398123169, 0.9417455171058305
0.9405689920338346, 0.4365727895329039, 0.382097780134371, 2.3721857829991055
0.9094209261386833, 0.4322431095524877, 0.8675086765862826, 1.8158193947960597
0.1817155621857175, 0.8530801952350515, 0.46424824642356555, 1.6053432684179727
0.961246878269906, 0.5457592426801854, 0.19615628307294053, 2.8178559588272423
0.07050934284051791, 0.2691868295017916, 0.24017380161970192, 0.43921854306491714
0.6666055459007996, 0.9730334066876942, 0.5972999295375749, 2.6819779756394126
0.7503195874070988, 0.4567528478413413, 0.6902655479516204, 1.7238793225452598
0.8774050955249516, 0.012388987499504789, 0.18974911286023843, 1.5898390531886744
0.0028815693475972015, 0.6188910544397642, 0.7517810634091688, 0.491764184165554
0.051845813606168245, 0.5924274068379735, 0.3806875858129747, 0.9078588550753087
0.6258198096767177, 0.35434397262308237, 0.9495252032465968, 1.0108023613530033
0.32833610167361416, 0.061508268975691616, 0.8883776299436746, -0.1086888886450631
0.41746588702250886, 0.4470709614331808, 0.16048652995880486, 1.5685871669525744
0.3674757579740845, 0.0063222568026543025, 0.12094340357949163, 0.626652625973986
0.7353631681678735, 0.12273620253527995, 0.550767584190671, 1.165431157215636
0.7142548158028501, 0.9074873043973841, 0.6835685446251524, 2.559915695775316
0.8859581595686952, 0.8308036541104001, 0.39874574581151956, 3.034777881546671
0.07327769431598563, 0.9640278023162909, 0.7342510589083857, 1.3403599343561674
0.35192995119170445, 0.6683282696573625, 0.8374949204906685, 1.2030215212074653
0.4873807233302151, 0.21741866561479262, 0.0696054927872457, 1.3399932851027696
0.715088213330841, 0.07929729830724541, 0.06029851797252839, 1.5284725053036445
0.6339578592445188, 0.19651166273232268, 0.19221140201865872, 1.4687276419350241
0.4572569294251432, 0.6518082839364734, 0.23753781789721184, 1.9805926088260213
0.1666818449535714, 0.21677046284388346, 0.7929569156842349, -0.02605230008932513
0.6658729031949044, 0.6190014583098054, 0.6662433546713816, 1.9035053683380379
0.09401684579084646, 0.6897607290796648, 0.40072958735785247, 1.16682556238317
0.3976650888659391, 0.5504601857529723, 0.05788383368356864, 1.8383667155542542
0.5261941093873834, 0.9229700833056843, 0.07779183304140747, 2.8205365523447283
0.6775225773774199, 0.34423403550267806, 0.9202775977471025, 1.1232356280130937
0.896970165527977, 0.2563394468991351, 0.6878465470016856, 1.6187726778525389
0.8115938499610368, 0.030651531822156297, 0.6149237793570725, 1.0695669842093136
0.8524730848693413, 0.4435440714738059, 0.099780523635013, 2.4922537890512815
0.39791244396532677, 0.6850978473754097, 0.4527002612870731, 1.7133203213944
0.38278943713198055, 0.8754842650648652, 0.12620872182070675, 2.3903386825729847
0.07235377070987292, 0.4231981142192398, 0.9566788446884802, 0.03442492516974527
0.7112794750775313, 0.22874468652165092, 0.8261200691653742, 1.0539282540329902
0.6708325789760861, 0.9532036556153738, 0.25747228872380756, 2.9906001804591122
0.10677614096164567, 0.7334060903783706, 0.32179500688659535, 1.3585694557934371
0.1785569697578966, 0.0725418054205258, 0.004147369232703424, 0.49805018112414134
0.8637087409526049, 0.10290189852289877, 0.45316419379909934, 1.480057085151908
0.7966884466453819, 0.9973237642367523, 0.37411690091748695, 3.2139075208467816
0.21849943979690034, 0.5285839736980468, 0.5340480788088157, 0.9601187481810786
0.923246939516717, 0.6436364540849634, 0.22159263644308047, 2.91217415076028
0.03863736988815192, 0.43200316362261537, 0.6855286221451802, 0.2557524448763544
0.49570211197071956, 0.477266257993059, 0.8200264289782001, 1.1259103109493571
0.4761207081193173, 0.7619795451527, 0.3364226989741591, 2.1397778075698755
0.059532362876590916, 0.0759957102967882, 0.5335969021222559, -0.2625407557754976
0.7397360902175877, 0.0842598445058299, 0.7937573758760983, 0.8542344935707369
0.632440494058205, 0.9845713338560016, 0.1943102915406012, 3.0397133642878122
0.573803478865227, 0.7409242073578364, 0.21410017121965186, 2.4153552012264745
0.30894254617756656, 0.012044509210575871, 0.7237597296245097, -0.08178561884822488
0.5455348600508838, 0.7768217012348536, 0.8440479592237384, 1.8006651633477366
0.7754289305402443, 0.8016074714217162, 0.3809934390924884, 2.7730793648314327
0.08675653336513489, 0.5436321760151399, 0.9053163349228945, 0.35546108383765507
0.6104559030022468, 0.5084989285230626, 0.01662459745508671, 2.2212850655955325
0.26845077224268465, 0.6962588605432063, 0.6482534604186507, 1.2811658051531312
0.994614354951841, 0.6315321014235726, 0.4898451659502636, 2.762447746800564
0.02446581716151286, 0.2601070839826395, 0.7567296746256525, -0.18758387233734786
0.32408446648158096, 0.6880206648842079, 0.8472213009270045, 1.1769889618045735
0.09562742401977908, 0.8694065819368078, 0.670564505839215, 1.2595035060739588
0.40532732750712597, 0.901868566431008, 0.8429319742352281, 1.7714598136410395
0.9673008213773763, 0.3403849490953458, 0.023162222370126218, 2.5922093185753177
0.7985318565899553, 0.5058928399957501, 0.13022117342536232, 2.4786282197460485
0.9903715953475956, 0.01863540150708687, 0.6683432436976897, 1.3496707500116751
0.21989626646764282, 0.8939720690855022, 0.6429357584700236, 1.584800912636266
0.12049507014566452, 0.8807006488273553, 0.882950817726124, 1.1194406202199156
0.7007553757275592, 0.12042198531923554, 0.41411572057354895, 1.2282390015200404
0.02925901682572496, 0.31600164756709603, 0.5139464869492427, 0.17657484183639927
0.8429842635102853, 0.03402168075033252, 0.8106265469139905, 0.9433853416072452
0.393104265931177, 0.038951063847592726, 0.6356014854328781, 0.22850917412466132
0.3918553476826212, 0.4320458884553662, 0.19659495342190958, 1.4512075188540652
0.7252221164860716, 0.5113092305602402, 0.4795019606443196, 1.9935607334483043
0.3354238211495678, 0.7935566991938917, 0.3670376026155656, 1.8909234380713533
0.585847859279294, 0.9637084045302945, 0.05630622016694775, 3.0428063074522287
0.4824039455298026, 0.5126931347086611, 0.3569802504370212, 1.6332139100399061
0.0841643829398645, 0.32738934814650267, 0.8401185823326568, -0.017011120159922455
0.6676217125123318, 0.9071562728580833, 0.9400849260566856, 2.2094710446841446
0.6146305602684128, 0.8400859742683626, 0.4960546204998567, 2.413378448573694
0.7780853156753123, 0.9845106847290458, 0.29382172508036386, 3.2313702757283522
0.7361544806884539, 0.18562656477689976, 0.2874250166307424, 1.556137074299965
0.15878441561763312, 0.2683181594382049, 0.8433339543745039, 0.010871195737172212
0.41137706532003837, 0.13209021127320353, 0.5446158581981883, 0.5423186949882955
0.9290522049229134, 0.1484888388001646, 0.2224981179252168, 1.9325839695209395
0.5318181901835697, 0.7399567141419273, 0.008697301653418643, 2.5348525069975754
0.9553521736978631, 0.47232204734650374, 0.3116596465796213, 2.5436887955091123
0.4791853776506778, 0.06897351046802125, 0.914242872419002, 0.18207490381839608
0.4330655102022598, 0.03076839966040945, 0.8155090170195476, 0.11215880270579093
0.013615172344677684, 0.6059437905333234, 0.30425979031446826, 0.9348581354415338
0.1468427254635083, 0.7063448642208342, 0.6245595660119312, 1.0818156133567538
0.2234629369951442, 0.318823478336415, 0.5933776360068322, 0.49119519465628614
0.3970638814567965, 0.7889415908542394, 0.45998884822751307, 1.9120220963945584
0.620500196203921, 0.6774467970438038, 0.18928841569781663, 2.4066055707976335
0.7446657482458987, 0.8375303535893458, 0.11416391107118329, 3.0502282925993054
0.03311841273471183, 0.7238638676503347, 0.5296948321174632, 0.98426972865263
0.3168078956667366, 0.2600038066408734, 0.4493382299459717, 0.7042851746692483
0.0008279889519313688, 0.7131146757003118, 0.13326526913167014, 1.2946200601728162
0.862356885310649, 0.8713530573832786, 0.7405667144283241, 2.726853170959531
